filename,reference,prediction,cer
test_000000.png,"assuredness "" Bella Bella Marie "" ( Parlophone ) , a lively song that changes tempo mid-way .","assuredness "" Bella Bella Marie "" ( Bishopsome ) a lively song that changes tempo midway",0.11827956989247312
test_000001.png,"I don't think he will storm the charts with this one , but it 's a good start .","I don't think he will storm the charts with this one , but it's a good start .",0.012658227848101266
test_000002.png,"CHRIS CHARLES , 39 , who lives in Stockton-on-Tees , is an accountant .","CHRIS CHARLES , 33 , who lives in Stockton - on - Tee's , is an accountant .",0.08450704225352113
test_000003.png,Become a success with a disc and hey presto ! You 're a star ... . Rolly sings with,Become a success with a disc and they presto ! You're a star ... Rolly sings with,0.04819277108433735
test_000004.png,"Tolch , as he is known in Tin Pan Alley , likes songs with a month in the title . He wrote","Folch , as he is known in Tin Pan Alley , lives , with a month in the title . He wrote",0.07777777777777778
test_000005.png,""" My September Love , "" the big David Whitfield hit of 1956 .",""" My September Love "" , the big David Whitfield hit of 1956 .",0.03278688524590164
test_000006.png,He is also a director of a couple of garages . And he finds time as well to be a lyric,He is also a director of a couple of garages . And he finds time as well to be a lyric,0.0
test_000007.png,"writer . He writes with Tolchard Evans , composer of "" Lady of Spain "" and other big hits .","writer . He writes with Tolchard Evans , composer of "" Lady of Spain "" and other big hits",0.02197802197802198
test_000008.png,"The numbers include "" Scotland the Brave , "" "" Men of Harlech , ""","the numbers include "" Scotland the Brave , "" "" Men of Harlem , """,0.046153846153846156
test_000009.png,"Fay Compton stars in "" No Hiding Place "" (I T V , 9.35 p.m. ) .","Bay Compton stars in "" No. Hiding Place "" ( I.T.P. , 9.33 p.m. ) .",0.12698412698412698
test_000010.png,She plays the possessive mother of a man whose hobby revolves,She plays the possessive mother of a man whose hobby revolves,0.0
test_000011.png,round a doll's house .,round a doll's house .,0.0
test_000012.png,"THREE people will be hypnotised in tonight's "" Lifeline ""","THREE people will be hypothesized in tonight's "" Lifeline """,0.08771929824561403
test_000013.png,"( B B C , 10.15 ) .","CBE , 10.15 ) .",0.3157894736842105
test_000014.png,""" McNamara's Band , "" "" Greensleeves "" and "" English Rose . """,""" Mr. Namara's band , "" "" Green sleeves "" and "" English base . """,0.11475409836065574
test_000015.png,of Rhodesia and Nyasaland ( 10.30 p.m. ) .,of Rhodesia and Nyasaland Co.30 p.m. ) .,0.09523809523809523
test_000016.png,They will be asked to comment on the design of everyday articles,They will be asked to comment on the design of everyday articles,0.0
test_000017.png,"playwright Arnold Wesker . "" Instead , Muggeridge's appointment","playwright Arnold Walker . "" Instead , Muggeridge's opportunity",0.14285714285714285
test_000018.png,such as a chair and a motor-car . The idea is to see what happens when,such as a chair and a motor-car . The idea is to see what happens when,0.0
test_000019.png,will be with Sir Roy Welensky the Premier of the Federation,will be with Sir Roy Welensky the Premier of the Federation,0.0
test_000020.png,parts of the mind not normally available without hypnosis are used .,parts at the wind not marginally available without hypnosis are used .,0.11764705882352941
test_000021.png,"I T V have postponed Malcolm Muggeridge's "" Appointment with","ITV have postponed Malcolm Muggeridge's "" Appointment with",0.03333333333333333
test_000022.png,"success last night in I T V's "" Private Potter , "" his","success last night in ITV's "" Private Potter , "" his",0.037037037037037035
test_000023.png,man could only be regarded as a machine .,man could only be regarded as a machine .,0.0
test_000024.png,"date . "" ACTOR Tom Courtenay was an outstanding","Hate . "" ACTOR Tom Courtenay was an outstanding",0.02127659574468085
test_000025.png,the switch because of the topicality of African,the switch because of the typicality of Africans,0.0425531914893617
test_000026.png,essay on soldiering which stated that a fighting,essory on coldbenting which started that a fighting,0.14583333333333334
test_000027.png,"Say Granada T V , the producers : "" We decided to make","Say Granada TV , the producers ! "" We decided to make",0.037037037037037035
test_000028.png,first big T V part . The play was a brilliantly-written,first big TV part . The play was a brilliantly-written,0.01818181818181818
test_000029.png,affairs . The Wesker interview will be seen at a later,offairs . The Wesker interview will be seen at a later,0.018518518518518517
test_000030.png,"craggy face , and obstinate , baffled eyes . They stripped","craggy lace , and obstinate , battled eyes . They stripped",0.05172413793103448
test_000031.png,claimed he had seen a vision of God - only the padre and his,claimed Ireland seem on vision of God - only the padre and his,0.13333333333333333
test_000032.png,"Potter screamed during an action , and was arrested . He","Potter screamed during an action , and was arrested . He",0.0
test_000033.png,"him of his ugly battle-dress , to leave him for",When others might be able to leave him for,0.48936170212765956
test_000034.png,vision .,visionplay .,0.5
test_000035.png,"what he was - Potter , a frightened boy who had a","what he was - better , a frightened boy who had an",0.061224489795918366
test_000036.png,"C O believed him . Courtenay played the part with a gawky ,","co believed him . Courtenay played the past with a gawley ,",0.1016949152542373
test_000037.png,Northern defiance . The cameras played continuously on his,Northern Defiance . The cameras played continuously on his,0.017241379310344827
test_000038.png,to the European Common Market .,to the European Common Market,0.06451612903225806
test_000039.png,"scene , ranging from pubs , the Eton wall game ,","scene , ranging from pubs , the Eton wall game ,",0.0
test_000040.png,"Dennis Brogan , Shelagh Delaney , and Alan Sillitoe .","Dennis Brogan , Shelagh Delaney , and Alan Sillitoe",0.03773584905660377
test_000041.png,"The film replaced "" What 's My Line ? "" and "" Be My","The film replaced "" What's My Line ? "" and "" Be My",0.0196078431372549
test_000042.png,British personalities . Among them - Professor,British personalities . Among them-Professor,0.043478260869565216
test_000043.png,The film covered a wide aspect of the British,The film covered a wide aspect of the British,0.0
test_000044.png,"Guest "" programmes because of an electricians'","Guest "" programmes because of an electricians",0.021739130434782608
test_000045.png,"of an American T V reporter , Eric Sevareid , and","of an American TV reporter , Eric Sevareid , and",0.02040816326530612
test_000046.png,strike . It showed Britain today through the eyes,strike . It showed Britain today through the eyes,0.0
test_000047.png,Britain was slipping behind ... .,Britain was slipping behind ... .,0.0
test_000048.png,to make the strongest criticisms . He said,to make the strongest criticisms . He said,0.0
test_000049.png,Shelagh Delaney and Alan Sillitoe attacked,Shelagh Delaney and Alan Sillitoe attacked,0.0
test_000050.png,"that in the race of the modern nations ,","that in the house of the modern nations ,",0.1
test_000051.png,education . It was left to reporter Sevareid,education . It was left to reporter Severiad,0.06818181818181818
test_000052.png,other chums sniffing the wind and,other chums sniffing the mind and,0.030303030303030304
test_000053.png,offering to drop by for a chat .,offering to drop by for a chat .,0.0
test_000054.png,arrived two hours earlier by appointment,arrived two hours earlier by appointment,0.0
test_000055.png,to talk to the author of Borstal Boy and,to talk to the author of Borstal Boy and,0.0
test_000056.png,"The Hostage about his new work , if any ,","The Hostage about his new work , if any ,",0.0
test_000057.png,and who is now being pluckily convivial,and who is now being pluckily comonial,0.10256410256410256
test_000058.png,"has rung a couple of times , calls from","has run going a couple of times , calls from",0.1282051282051282
test_000059.png,to fight off the frustration . The telephone,to fight off the frustration . The telephone,0.0
test_000060.png,ALSO present is a London journalist who,Also present it a London journalist who,0.10256410256410256
test_000061.png,the Synoptics can be reasonably solved by paying due regard to the time and,Mr. Symptics can be reasonably solved by praying due regard to the time and,0.08
test_000062.png,"plan and to the different public for which , or against which , the author wrote .","plan and to the different public for which , or against which , the author said .",0.06097560975609756
test_000063.png,The third article excluded any allegorical interpretation of the Gospel .,the third article excluded any allegorical interpretation of the Gospel .,0.0136986301369863
test_000064.png,The second said that the problems which arise from the comparisons with,The second serial that the problems which arise from the comparisons with,0.056338028169014086
test_000065.png,Fourth Gospel by explanations based on assumed textual dislocations . The,Forth Gospel by explanations based on assumed festival Moderations . The,0.1506849315068493
test_000066.png,There is a whole group of theories which attempt to explain the problems of the,there is a whole group of theories which attempt to explain the problems of the,0.012658227848101266
test_000067.png,"could of the chaos by placing the fragments , or sheets , or pages , in order .","could at the chaos by placing the fragments , or sheets , or pages , in order .",0.02531645569620253
test_000068.png,present state of the Gospel is the result of an accident-prone history . The,present stock of the Gospel is the result of an accident - prone history . The,0.06578947368421052
test_000069.png,"accidentally damaged . An editor , who was not the author , made what he","accidentally damaged . In addition , who was not the another , made what he",0.1111111111111111
test_000070.png,"original was written on a roll , or codex , which fell into disorder or was","original case written on a roll , or codex , which tell into discoder or was",0.06666666666666667
test_000071.png,showing that such changes are part of a,showing that such changes are part of a,0.0
test_000072.png,how this enlargement was effected nor has he,how this enlargement was effected nor has he,0.0
test_000073.png,The one real weakness of the Commentator's,The one real weakness of the Commentator's,0.0
test_000074.png,this is possible it is necessary to examine the,this is possible it is necessary to examine the,0.0
test_000075.png,"he has not , until now , been able to exhibit exactly","he has not , until now , been able to exhibit exactly",0.0
test_000076.png,been able to explain the textual movements by,been able to explain the textual movements by,0.0
test_000077.png,"case is that , in common with all his colleagues ,","case is that , in common with all his colleagues ,",0.0
test_000078.png,text of the Gospel .,text of the Gospel .,0.0
test_000079.png,simple and coherent plan . To understand how,simple and coherent plan . To understand how,0.0
test_000080.png,wording . It is not possible to establish any one,wording . It is not possible to establish any one,0.0
test_000081.png,THE Fourth Gospel was almost certainly,THE Fourth Gospel was almost certainly,0.0
test_000082.png,Gospel represents the work of generations of,Gospel represents the work of generations of,0.0
test_000083.png,scholars who have compared the many manu-,scholars who have compared the many man in -,0.0975609756097561
test_000084.png,written in Greek . A modern text of the,written in Greek . A modern text of the,0.0
test_000085.png,which is most likely to have been the original,which is most likely to have been the original,0.0
test_000086.png,text with absolute precision .,"text with absolute precision ,",0.03333333333333333
test_000087.png,scripts of John and worked out the version,scripts of John and worked out the version,0.0
test_000088.png,paragraphos markings were omitted . C. H. Roberts is of,paragraphers markings were omitted . C.H. Roberts is of,0.05454545454545454
test_000089.png,"The bar was the commonest marking , but others","The bar was the commonest working , but others",0.043478260869565216
test_000090.png,"some markings would be used , although which , it is","some workshops would be used , "" Ough which , it is",0.21153846153846154
test_000091.png,impossible to say .,unpassible to say .,0.15789473684210525
test_000092.png,were also used . Dots sometimes served in place of the,were also used . Acts sometimes served in place of the,0.037037037037037035
test_000093.png,"bar , and there are cases where spacing is used as","bas , and there are cases where spacing is used as",0.02
test_000094.png,the opinion that in the original of the Fourth Gospel,the opinion that in the original of the Fourth Gospel,0.0
test_000095.png,it is now used to mark a paragraph ending . Frequently,it is now used to work a paragraph ending . Frequently,0.037037037037037035
test_000096.png,the original of the Gospel would be unmarked . The,the original of the Gospel would be unwicked . The,0.06
test_000097.png,Professor E. G. Turner is inclined to take the view that,Professor E. G. Turner is inclined to take view that,0.07142857142857142
test_000098.png,about one third of a page of Souter's print .,about one third of a page of Souter's print .,0.0
test_000099.png,manuscripts . A common size of column would hold,Monuscripts . A common size of column would hold,0.041666666666666664
test_000100.png,columns . This is the invariable practice of ancient,columns . This is the invariable practice of ancient,0.0
test_000101.png,"whether paragraphed or not , would be laid out in","whether paragraphed or not , would be laid out in",0.0
test_000102.png,"original of the Gospel , whether written on a roll or codex ,","original of the Gospel , whether written on a roll or codex ,",0.0
test_000103.png,a simple and serviceable book . It was robust - the number,a simple and sex-crable book . It was robust - the number,0.06896551724137931
test_000104.png,an easy form of book in which to find a,an easy form of book in which # to find a,0.05128205128205128
test_000105.png,reference .,reference .,0.0
test_000106.png,The edge of this sheet was attached to a wooden dowel,the edge of this sheet was attached to a wooden clawel,0.07547169811320754
test_000107.png,this - and it was easily stored . It had two disadvantages . It,this - and it was easily stored . It had two disadvantages . It,0.0
test_000108.png,and the sheet wound round this central pin . The roll made,and the sheet wound round this central pain . The roll made,0.017241379310344827
test_000109.png,which have survived the centuries is ample evidence of,which have survived the centuries is ample evidence of,0.0
test_000110.png,"was generally a single-sided form of book , and it was not","was generally a simple-sided form of back , and it was not",0.06896551724137931
test_000111.png,"overwhelmed Herculaneum and Pompeii in A.D. 79 , his","overwhelmed Herculaneum and Pompeii in A.D. 79 , his",0.0
test_000112.png,the elder Pliny tells of the use of papyrus in roll-making .,the older Pliny tells of the use of papyrus in roll-making .,0.016666666666666666
test_000113.png,The other form of book was the codex . In this the,The other form of book was the codex . In this the,0.0
test_000114.png,they are in modern books .,they are in modern books,0.07692307692307693
test_000115.png,sheets were bound together down one edge much as,sheets were bound together down one edge much as,0.0
test_000116.png,information is contemporaneous with the New Testament .,information is contemporaneous with the New Testament .,0.0
test_000117.png,"ecclesiastical circles . In his Natural History , 13 . 11-12 ,","ecclesiastical circles . In his Natural History , 13.11.12 ,",0.04838709677419355
test_000118.png,As Pliny was killed in the eruption of Vesuvius which,As Pliny was killed in the eruption of Vesuvius which,0.0
test_000119.png,This last objection might have had some weight in,this last objection might have had some weight in,0.02040816326530612
test_000120.png,"the roll , a sheet could easily be glued on .","the roll , a sheet could easily be glued on .",0.0
test_000121.png,whether or not a particular text was written on,whether or not a particular test was written on,0.02127659574468085
test_000122.png,might be bulky . It is sometimes possible to tell,might be bulky . It is sometimes possible to tell,0.0
test_000123.png,Against these advantages the codex was fragile and,against these advantages the codex was fragile and,0.02
test_000124.png,"writing , but any papyrus left unused at the","writing , but any papyrus left unused at the",0.0
test_000125.png,a roll or a codex . Rolls were prepared for,a roll or a codex . Rolls were prepared for,0.0
test_000126.png,end could be cut off . If the text was longer than,end could be cut off . If the text was longer than,0.0
test_000127.png,The codex form was not so accommodating . Even,The cockx form was not so accommodating . Even,0.043478260869565216
test_000128.png,while one whole side of his roll was unused .,while one whole side of his roll was unused .,0.0
test_000129.png,"over the binding , or the whole codex rebound .","over the binding , or the whole codex relonment .",0.10638297872340426
test_000130.png,"The verso of the roll was blank , and one","The Verso of the roll was blank , and one",0.024390243902439025
test_000131.png,"in the case of the single-sheet quire , an extra","in the case of the single-sheet quite , an extra",0.020833333333333332
test_000132.png,"sending out his Gospel lacking the ending ,","sending out his Gospel lacking the ending ,",0.0
test_000133.png,"cannot think of an author , Mark for example ,","cannot think of an author , Mark for example ,",0.0
test_000134.png,sheet glued on might have to be gummed on,sheet glued on night have to be gummed on,0.024390243902439025
test_000135.png,in it the reservoir ... and I made both the,"in other reservoirs . "" And I made both the",0.18604651162790697
test_000136.png,"construction in lines 9 , 23-25 of the Moabite Stone ,","constitution in Cinos ? , 23.2 S. of the Macbite plane ,",0.2777777777777778
test_000137.png,which read : And I built Baal-meon and made,which need : And I built Baal- mean and made,0.09302325581395349
test_000138.png,A natural transition from gardens and,a national transition from gardens and,0.10810810810810811
test_000139.png,reservoirs for water inside the town .,resolutions for water inside the dawn .,0.21052631578947367
test_000140.png,the rock . King Mesha of Moab boasts of their,"the March , being Marina of Malo boats of their",0.3333333333333333
test_000141.png,supply . The pools are probably natural springs,supply . The pads and probably natural springs,0.10638297872340426
test_000142.png,enlarged to become reservoirs or cisterns in,an longed to become reservoirs on cipleums in,0.20454545454545456
test_000143.png,orchards to the vital question of water,an clands to the vital question of vector,0.23076923076923078
test_000144.png,"the Shmah , loves the Lord God with","the Shmah , loves the Lord God with",0.0
test_000145.png,is the Shamir and such a man fulfils,is the Shamir and such a man full Bills,0.1111111111111111
test_000146.png,"prayer says : "" What am I ? A worm "" , he","proeger says : "" What can I ? A worm "" , he",0.12195121951219512
test_000147.png,"all his heart , and with all his soul and",all his heart and with all his soul and,0.04878048780487805
test_000148.png,"word "" SHAMIR "" means guarded or preser-","word "" SHAMIR "" means guarded or press",0.075
test_000149.png,"ved . Therefore , the real man , who","ved . Therefore , the real man , who",0.0
test_000150.png,with all his might and studies the,with all his might and studies the,0.0
test_000151.png,"regards himself as insignificant , as the","regards himself , as insignificant , as the",0.04878048780487805
test_000152.png,word of God .,word of God,0.15384615384615385
test_000153.png,The word Shamir was used as a,The word Shamir was used as a,0.0
test_000154.png,personal name ( Git. 68a ) . The Hebrew,personal name ( Gitt. 68a ) . The Hebrew,0.02564102564102564
test_000155.png,us earthly creatures to build an Altar,as earthly creatures to build an Altar,0.02631578947368421
test_000156.png,"This man is the worm , the creature that",This man is the warm the creature that,0.075
test_000157.png,"to mould our character , to melt our",to mould our character to melt our,0.05555555555555555
test_000158.png,Such a Shamir possesses the real acid,Such a Shamir possesses the real acid,0.0
test_000159.png,self against all the irrelevant pleasures .,self against all the irrelevant pleasures .,0.0
test_000160.png,for God to come nearer to God .,for God to come nearer to God .,0.0
test_000161.png,a man is the Shamir that guards him-,a man is the Shamir that guards him-,0.0
test_000162.png,cuts and polishes Altar-Stones . Such,cuts and polishes . Altar-stones . Such,0.08108108108108109
test_000163.png,heart of stone . This Shamir helps,heart of Stone . This Shamir helps,0.029411764705882353
test_000164.png,facts . And these creatures existed from the,facts . And these creatures existed from the,0.0
test_000165.png,"beginning . It is "" the stone , which the builders","beginning . It is the stone , which the builders",0.04
test_000166.png,"of the corner "" . ( Ps. 118 , 22 . ) And the stone shall","of the corner ? ( Ps. 118 , 22 ) And the stume shall",0.125
test_000167.png,tell !,tele !,0.16666666666666666
test_000168.png,The action of the Shamir writes books and their,The action of the Shawir writes books and their,0.02127659574468085
test_000169.png,"diamond that incises the hardest rock , the hardest","diamond that incises the hardest rock , the hardest",0.0
test_000170.png,books are readable . This Shamir is indeed a rare,books are readable . This Shamir is indeed a rare,0.0
test_000171.png,"refused , but it is to become the head-stone","refused , but it is to become the head-stone",0.0
test_000172.png,"crushing our soul "" ( see Hab. 2 , 10-11 ) . And it is","crushing our soul "" ( see Hab. 2 , 10-11 ) . And it is",0.0
test_000173.png,"Lord , as the waters cover the sea . "" ( Hab. 2 , 14 . )","Lord , as the waters cover the sea ? ( ( Hab. 2. 14 ) .",0.10714285714285714
test_000174.png,""" For the stone shall cry out of the wall "" , like",""" For the stone shall cry out of the wall "" , like",0.0
test_000175.png,filled with the knowledge of the Glory of the,filled with the knowledge of the Glory of the,0.0
test_000176.png,"creak in answer "" "" if the roof of our security is","creak in answer "" "" If the roof of out security is",0.04
test_000177.png,"through the Shamir : "" That the earth shall be","through the Shamir : "" That the earth shall be",0.0
test_000178.png,"Baalam's ass , "" and the purlin of timber shall","Barlow's ass "" and the purline of timber shall",0.1276595744680851
test_000179.png,the Light which can be read in every,the Light which can be read in every,0.0
test_000180.png,They make us the Altar for God to emit,They make us the Altar for God to emit,0.0
test_000181.png,a deep impression on our feelings and senses .,a deep impression on our feelings and senses .,0.0
test_000182.png,"of life , and all facts are "" one "" . We have all","of life , and all facts are "" one ! . We have all",0.02040816326530612
test_000183.png,"most important creature , that was created on","most important creature , that was created on",0.0
test_000184.png,"Sabbath , real peace to the whole world .","Sabbath , real peace to the whole world .",0.0
test_000185.png,"language . The Shamir is the "" seventh "" and","language . The Shampir is the ' seventh "" aged",0.09090909090909091
test_000186.png,"which is written on two plates , the hard facts","which is written , by two plates , the hard facts",0.0851063829787234
test_000187.png,"the eve of the Sabbath , to bring the","the eve of the Sabbath , to bring the",0.0
test_000188.png,"The Shamir's daily life writes the Decalogue ,",The Shawyir's daily life writes the Decalogue,0.08695652173913043
test_000189.png,come across human Shamirs and they leave,"cope , across human Shamfirs , and they leave",0.15
test_000190.png,"diligently unto my commandments , which I command",diligently up to my company depends which I campaigned,0.30612244897959184
test_000191.png,"shall come to pass , if 1ye shall 1hearken","shall come to pass , if the shall that they",0.21428571428571427
test_000192.png,"your soul . "" This may seem very good , but there","your soul . "" This , may seem very good , but there",0.04081632653061224
test_000193.png,is something deficient .,is something to fright .,0.2916666666666667
test_000194.png,serve Him with all your heart and with all,serve thing with all your heart and with all,0.09523809523809523
test_000195.png,"you this day , to love the Lord your God , and to","you this day , to love the Lord your God , and to",0.0
test_000196.png,"Then the whole earth will be His Altar . "" And it","They the whole earth will be this Altar . "" And it",0.061224489795918366
test_000197.png,"Lord God with all their visionary power ,","Lord God with all their visionary power ,",0.0
test_000198.png,"summons of destiny , to solve the economic","summons of destiny , to solve the economic",0.0
test_000199.png,the work will have to be done by each,the work will have to be done by each,0.0
